{
    "name": "compendium-of-chaos",
    "title": "compendium-of-chaos",
    "description": "korvos-is-cats",
    "version": "1.0.0",
    "author": "Glitter",
    "url": "https://github.com/arcanistzed/persist-sheets",
    "license": "https://github.com/arcanistzed/persist-sheets/blob/main/LICENSE",
    "readme": "https://github.com/arcanistzed/persist-sheets/blob/main/README.md",
    "minimumCoreVersion": "0.8.6",
    "compatibleCoreVersion": "9",
    "manifest": "https://github.com/arcanistzed/persist-sheets/releases/latest/download/module.json",
    "download": "https://github.com/arcanistzed/persist-sheets/releases/download/0.2.0/module.zip",
    "packs": [
        {
            "name": "module-creatures",
            "label": "Module Creatures",
            "path": "./packs/creatures.db",
            "entity": "Actor",
            "type": "Actor"
        },
        {
            "name": "module-items",
            "label": "Module Items",
            "path": "./packs/items.db",
            "entity": "Item",
            "type": "Item"
		},	
        {
            "name": "module-scenes",
            "label": "Module Scenes",
            "path": "./packs/scenes.db",
            "entity": "Scene",
            "type": "Scene"
        },
        {
            "name": "module-journal-entries",
            "label": "Module Journal Entries",
            "path": "./packs/journal-entries.db",
            "entity": "JournalEntry",
            "type": "JournalEntry"
        },
        {
            "name": "module-macros",
            "label": "Module Macros",
            "path": "./packs/macros.db",
            "entity": "Macro",
            "type": "Macro"
        },
        {
            "name": "module-roll-tables",
            "label": "Module Roll Tables",
            "path": "./packs/roll-tables.db",
            "entity": "RollTable",
            "type": "RollTable"
        },
        {
            "name": "module-playlists",
            "label": "Module Playlists",
            "path": "./packs/playlists.db",
            "entity": "Playlist",
            "type": "Playlist"
        },
		{
            "name": "module-spells",
            "label": "Module Spells",
            "path": "./packs/spells.db",
            "entity": "Item",
            "type": "Item"
        }
    ],
    "manifest": "https://gitlab.com/encounterlibrary/my-content-module/-/raw/main/module.json",
    "download": "https://gitlab.com/encounterlibrary/my-content-module/-/raw/main/my-content-module.zip"
  }